brand_code,line_code,sku,product_name,net_price,category_name,hsn_code,status
NEW2025,56101522SD04911,ZentiaSlthrPntPntDncBk,ZentiaSlthrPntPntDncBk,3710,UPMDSDINCHR1,94017100,active
NEW2025,56101522SD04912,ZentiaSlthrPntBeiDncBk,ZentiaSlthrPntBeiDncBk,3710,UPMDSDINCHR1,94017100,active
NEW2025,56101522SD04913,ZentiaSlthrPntTofDncBk,ZentiaSlthrPntTofDncBk,3710,UPMDSDINCHR1,94017100,active
NEW2025,56101522SD04914,ZentiaSlthrPntBlkDncBk,ZentiaSlthrPntBlkDncBk,3710,UPMDSDINCHR1,94017100,active
NEW2025,56101522SD04915,ZentiaSlthrPntChaDncBk,ZentiaSlthrPntChaDncBk,3710,UPMDSDINCHR1,94017100,active
NEW2025,56101522SD04916,ZentiaSlthrBeiPntDncBk,ZentiaSlthrBeiPntDncBk,3710,UPMDSDINCHR1,94017100,active
NEW2025,56101522SD04917,ZentiaSlthrBeiBeiDncBk,ZentiaSlthrBeiBeiDncBk,3710,UPMDSDINCHR1,94017100,active
NEW2025,56101522SD04918,ZentiaSlthrBeiTofDncBk,ZentiaSlthrBeiTofDncBk,3710,UPMDSDINCHR1,94017100,active
NEW2025,56101522SD04919,ZentiaSlthrBeiBlkDncBk,ZentiaSlthrBeiBlkDncBk,3710,UPMDSDINCHR1,94017100,active
NEW2025,56101522SD04920,ZentiaSlthrBeiChaDncBk,ZentiaSlthrBeiChaDncBk,3710,UPMDSDINCHR1,94017100,active
NEW2025,56101522SD04921,ZentiaSlthrTofPntDncBk,ZentiaSlthrTofPntDncBk,3710,UPMDSDINCHR1,94017100,active
NEW2025,56101522SD04922,ZentiaSlthrTofBeiDncBk,ZentiaSlthrTofBeiDncBk,3710,UPMDSDINCHR1,94017100,active
NEW2025,56101522SD04923,ZentiaSlthrTofTofDncBk,ZentiaSlthrTofTofDncBk,3710,UPMDSDINCHR1,94017100,active
NEW2025,56101522SD04924,ZentiaSlthrTofBlkDncBk,ZentiaSlthrTofBlkDncBk,3710,UPMDSDINCHR1,94017100,active
NEW2025,56101522SD04925,ZentiaSlthrTofChaDncBk,ZentiaSlthrTofChaDncBk,3710,UPMDSDINCHR1,94017100,active
NEW2025,56101522SD04926,ZentiaSlthrBlkPntDncBk,ZentiaSlthrBlkPntDncBk,3710,UPMDSDINCHR1,94017100,active
NEW2025,56101522SD04927,ZentiaSlthrBlkBeiDncBk,ZentiaSlthrBlkBeiDncBk,3710,UPMDSDINCHR1,94017100,active
NEW2025,56101522SD04928,ZentiaSlthrBlkTofDncBk,ZentiaSlthrBlkTofDncBk,3710,UPMDSDINCHR1,94017100,active
NEW2025,56101522SD04929,ZentiaSlthrBlkBlkDncBk,ZentiaSlthrBlkBlkDncBk,3710,UPMDSDINCHR1,94017100,active
NEW2025,56101522SD04930,ZentiaSlthrBlkChaDncBk,ZentiaSlthrBlkChaDncBk,3710,UPMDSDINCHR1,94017100,active
NEW2025,56101522SD04931,ZentiaSlthrChaPntDncBk,ZentiaSlthrChaPntDncBk,3710,UPMDSDINCHR1,94017100,active
NEW2025,56101522SD04932,ZentiaSlthrChaBeiDncBk,ZentiaSlthrChaBeiDncBk,3710,UPMDSDINCHR1,94017100,active
NEW2025,56101522SD04933,ZentiaSlthrChaTofDncBk,ZentiaSlthrChaTofDncBk,3710,UPMDSDINCHR1,94017100,active
NEW2025,56101522SD04934,ZentiaSlthrChaBlkDncBk,ZentiaSlthrChaBlkDncBk,3710,UPMDSDINCHR1,94017100,active
NEW2025,56101522SD04935,ZentiaSlthrChaChaDncBk,ZentiaSlthrChaChaDncBk,3710,UPMDSDINCHR1,94017100,active
NEW2025,56101522SD05136,QuadUnderstruBlkInk,QuadUnderstruBlkInk,1925,UPMDSDINCHR1,94017100,active
NEW2025,56101522SD05137,QuadUnderstruCoffBr,QuadUnderstruCoffBr,1925,UPMDSDINCHR1,94017100,active
NEW2025,56101522SD05232,QuadUnderstruChrPla,QuadUnderstruChrPla,3302,UPMDSDINCHR1,94017100,active
NEW2025,56101522SD05138,StarUnderstruBlkInk,StarUnderstruBlkInk,2035,UPMDSDINCHR1,94017100,active
NEW2025,56101522SD05139,StarUnderstruCoffBr,StarUnderstruCoffBr,2035,UPMDSDINCHR1,94017100,active
NEW2025,56101522SD05233,StarUnderstruChrPla,StarUnderstruChrPla,3413,UPMDSDINCHR1,94017100,active
NEW2025,56101522SD05140,5ProngUnderstruBlkInk,5ProngUnderstruBlkInk,5269,UPMDSDINCHR1,94017100,active
NEW2025,56101522SD05234,5ProngUnderstruChrPla,5ProngUnderstruChrPla,6678,UPMDSDINCHR1,94017100,active
NEW2025,56101522SD05141,UpmodsSlthrPntDncSeat,UpmodsSlthrPntDncSeat,1870,UPMDSDINCHR1,94017100,active
NEW2025,56101522SD05142,UpmodsSlthrBeiDncSeat,UpmodsSlthrBeiDncSeat,1870,UPMDSDINCHR1,94017100,active
NEW2025,56101522SD05143,UpmodsSlthrTofDncSeat,UpmodsSlthrTofDncSeat,1870,UPMDSDINCHR1,94017100,active
NEW2025,56101522SD05144,UpmodsSlthrBlkDncSeat,UpmodsSlthrBlkDncSeat,1870,UPMDSDINCHR1,94017100,active
NEW2025,56101522SD05145,UpmodsSlthrChaDncSeat,UpmodsSlthrChaDncSeat,1870,UPMDSDINCHR1,94017100,active
NEW2025,56101522SD05235,UpmodsSwivelMechanism,UpmodsSwivelMechanism,1485,UPMDSDINCHR1,94017100,active
NEW2025,56101522SD04936,FreyaSlthrPntPntDncBk,FreyaSlthrPntPntDncBk,4564,UPMDSDINCHR1,94017100,active
NEW2025,56101522SD04937,FreyaSlthrPntBeiDncBk,FreyaSlthrPntBeiDncBk,4564,UPMDSDINCHR1,94017100,active
NEW2025,56101522SD04938,FreyaSlthrPntTofDncBk,FreyaSlthrPntTofDncBk,4564,UPMDSDINCHR1,94017100,active
NEW2025,56101522SD04939,FreyaSlthrPntBlkDncBk,FreyaSlthrPntBlkDncBk,4564,UPMDSDINCHR1,94017100,active
NEW2025,56101522SD04940,FreyaSlthrPntChaDncBk,FreyaSlthrPntChaDncBk,4564,UPMDSDINCHR1,94017100,active
NEW2025,56101522SD04941,FreyaSlthrBeiPntDncBk,FreyaSlthrBeiPntDncBk,4564,UPMDSDINCHR1,94017100,active
NEW2025,56101522SD04942,FreyaSlthrBeiBeiDncBk,FreyaSlthrBeiBeiDncBk,4564,UPMDSDINCHR1,94017100,active
NEW2025,56101522SD04943,FreyaSlthrBeiTofDncBk,FreyaSlthrBeiTofDncBk,4564,UPMDSDINCHR1,94017100,active
NEW2025,56101522SD04944,FreyaSlthrBeiBlkDncBk,FreyaSlthrBeiBlkDncBk,4564,UPMDSDINCHR1,94017100,active
NEW2025,56101522SD04945,FreyaSlthrBeiChaDncBk,FreyaSlthrBeiChaDncBk,4564,UPMDSDINCHR1,94017100,active
NEW2025,56101522SD04946,FreyaSlthrTofPntDncBk,FreyaSlthrTofPntDncBk,4564,UPMDSDINCHR1,94017100,active
NEW2025,56101522SD04947,FreyaSlthrTofBeiDncBk,FreyaSlthrTofBeiDncBk,4564,UPMDSDINCHR1,94017100,active
NEW2025,56101522SD04948,FreyaSlthrTofTofDncBk,FreyaSlthrTofTofDncBk,4564,UPMDSDINCHR1,94017100,active
NEW2025,56101522SD04949,FreyaSlthrTofBlkDncBk,FreyaSlthrTofBlkDncBk,4564,UPMDSDINCHR1,94017100,active
NEW2025,56101522SD04950,FreyaSlthrTofChaDncBk,FreyaSlthrTofChaDncBk,4564,UPMDSDINCHR1,94017100,active
NEW2025,56101522SD04951,FreyaSlthrBlkPntDncBk,FreyaSlthrBlkPntDncBk,4564,UPMDSDINCHR1,94017100,active
NEW2025,56101522SD04952,FreyaSlthrBlkBeiDncBk,FreyaSlthrBlkBeiDncBk,4564,UPMDSDINCHR1,94017100,active
NEW2025,56101522SD04953,FreyaSlthrBlkTofDncBk,FreyaSlthrBlkTofDncBk,4564,UPMDSDINCHR1,94017100,active
NEW2025,56101522SD04954,FreyaSlthrBlkBlkDncBk,FreyaSlthrBlkBlkDncBk,4564,UPMDSDINCHR1,94017100,active
NEW2025,56101522SD04955,FreyaSlthrBlkChaDncBk,FreyaSlthrBlkChaDncBk,4564,UPMDSDINCHR1,94017100,active
NEW2025,56101522SD04956,FreyaSlthrChaPntDncBk,FreyaSlthrChaPntDncBk,4564,UPMDSDINCHR1,94017100,active
NEW2025,56101522SD04957,FreyaSlthrChaBeiDncBk,FreyaSlthrChaBeiDncBk,4564,UPMDSDINCHR1,94017100,active
NEW2025,56101522SD04958,FreyaSlthrChaTofDncBk,FreyaSlthrChaTofDncBk,4564,UPMDSDINCHR1,94017100,active
NEW2025,56101522SD04959,FreyaSlthrChaBlkDncBk,FreyaSlthrChaBlkDncBk,4564,UPMDSDINCHR1,94017100,active
NEW2025,56101522SD04960,FreyaSlthrChaChaDncBk,FreyaSlthrChaChaDncBk,4564,UPMDSDINCHR1,94017100,active
NEW2025,56101522SD04961,ZyloSlthrPntPntDncBk,ZyloSlthrPntPntDncBk,4638,UPMDSDINCHR1,94017100,active
NEW2025,56101522SD04962,ZyloSlthrPntBeiDncBk,ZyloSlthrPntBeiDncBk,4638,UPMDSDINCHR1,94017100,active
NEW2025,56101522SD04963,ZyloSlthrPntTofDncBk,ZyloSlthrPntTofDncBk,4638,UPMDSDINCHR1,94017100,active
NEW2025,56101522SD04964,ZyloSlthrPntBlkDncBk,ZyloSlthrPntBlkDncBk,4638,UPMDSDINCHR1,94017100,active
NEW2025,56101522SD04965,ZyloSlthrPntChaDncBk,ZyloSlthrPntChaDncBk,4638,UPMDSDINCHR1,94017100,active
NEW2025,56101522SD04966,ZyloSlthrBeiPntDncBk,ZyloSlthrBeiPntDncBk,4638,UPMDSDINCHR1,94017100,active
NEW2025,56101522SD04967,ZyloSlthrBeiBeiDncBk,ZyloSlthrBeiBeiDncBk,4638,UPMDSDINCHR1,94017100,active
NEW2025,56101522SD04968,ZyloSlthrBeiTofDncBk,ZyloSlthrBeiTofDncBk,4638,UPMDSDINCHR1,94017100,active
NEW2025,56101522SD04969,ZyloSlthrBeiBlkDncBk,ZyloSlthrBeiBlkDncBk,4638,UPMDSDINCHR1,94017100,active
NEW2025,56101522SD04970,ZyloSlthrBeiChaDncBk,ZyloSlthrBeiChaDncBk,4638,UPMDSDINCHR1,94017100,active
NEW2025,56101522SD04971,ZyloSlthrTofPntDncBk,ZyloSlthrTofPntDncBk,4638,UPMDSDINCHR1,94017100,active
NEW2025,56101522SD04972,ZyloSlthrTofBeiDncBk,ZyloSlthrTofBeiDncBk,4638,UPMDSDINCHR1,94017100,active
NEW2025,56101522SD04973,ZyloSlthrTofTofDncBk,ZyloSlthrTofTofDncBk,4638,UPMDSDINCHR1,94017100,active
NEW2025,56101522SD04974,ZyloSlthrTofBlkDncBk,ZyloSlthrTofBlkDncBk,4638,UPMDSDINCHR1,94017100,active
NEW2025,56101522SD04975,ZyloSlthrTofChaDncBk,ZyloSlthrTofChaDncBk,4638,UPMDSDINCHR1,94017100,active
NEW2025,56101522SD04976,ZyloSlthrBlkPntDncBk,ZyloSlthrBlkPntDncBk,4638,UPMDSDINCHR1,94017100,active
NEW2025,56101522SD04977,ZyloSlthrBlkBeiDncBk,ZyloSlthrBlkBeiDncBk,4638,UPMDSDINCHR1,94017100,active
NEW2025,56101522SD04978,ZyloSlthrBlkTofDncBk,ZyloSlthrBlkTofDncBk,4638,UPMDSDINCHR1,94017100,active
NEW2025,56101522SD04979,ZyloSlthrBlkBlkDncBk,ZyloSlthrBlkBlkDncBk,4638,UPMDSDINCHR1,94017100,active
NEW2025,56101522SD04980,ZyloSlthrBlkChaDncBk,ZyloSlthrBlkChaDncBk,4638,UPMDSDINCHR1,94017100,active
NEW2025,56101522SD04981,ZyloSlthrChaPntDncBk,ZyloSlthrChaPntDncBk,4638,UPMDSDINCHR1,94017100,active
NEW2025,56101522SD04982,ZyloSlthrChaBeiDncBk,ZyloSlthrChaBeiDncBk,4638,UPMDSDINCHR1,94017100,active
NEW2025,56101522SD04983,ZyloSlthrChaTofDncBk,ZyloSlthrChaTofDncBk,4638,UPMDSDINCHR1,94017100,active
NEW2025,56101522SD04984,ZyloSlthrChaBlkDncBk,ZyloSlthrChaBlkDncBk,4638,UPMDSDINCHR1,94017100,active
NEW2025,56101522SD04985,ZyloSlthrChaChaDncBk,ZyloSlthrChaChaDncBk,4638,UPMDSDINCHR1,94017100,active
NEW2025,56101522SD04986,MunaSlthrPntPntDncBk,MunaSlthrPntPntDncBk,5008,UPMDSDINCHR1,94017100,active
NEW2025,56101522SD04987,MunaSlthrPntBeiDncBk,MunaSlthrPntBeiDncBk,5008,UPMDSDINCHR1,94017100,active
NEW2025,56101522SD04988,MunaSlthrPntTofDncBk,MunaSlthrPntTofDncBk,5008,UPMDSDINCHR1,94017100,active
NEW2025,56101522SD04989,MunaSlthrPntBlkDncBk,MunaSlthrPntBlkDncBk,5008,UPMDSDINCHR1,94017100,active
NEW2025,56101522SD04990,MunaSlthrPntChaDncBk,MunaSlthrPntChaDncBk,5008,UPMDSDINCHR1,94017100,active
NEW2025,56101522SD04991,MunaSlthrBeiPntDncBk,MunaSlthrBeiPntDncBk,5008,UPMDSDINCHR1,94017100,active
NEW2025,56101522SD04992,MunaSlthrBeiBeiDncBk,MunaSlthrBeiBeiDncBk,5008,UPMDSDINCHR1,94017100,active
NEW2025,56101522SD04993,MunaSlthrBeiTofDncBk,MunaSlthrBeiTofDncBk,5008,UPMDSDINCHR1,94017100,active
NEW2025,56101522SD04994,MunaSlthrBeiBlkDncBk,MunaSlthrBeiBlkDncBk,5008,UPMDSDINCHR1,94017100,active
NEW2025,56101522SD04995,MunaSlthrBeiChaDncBk,MunaSlthrBeiChaDncBk,5008,UPMDSDINCHR1,94017100,active
NEW2025,56101522SD04996,MunaSlthrTofPntDncBk,MunaSlthrTofPntDncBk,5008,UPMDSDINCHR1,94017100,active
NEW2025,56101522SD04997,MunaSlthrTofBeiDncBk,MunaSlthrTofBeiDncBk,5008,UPMDSDINCHR1,94017100,active
NEW2025,56101522SD04999,MunaSlthrTofBlkDncBk,MunaSlthrTofBlkDncBk,5008,UPMDSDINCHR1,94017100,active
NEW2025,56101522SD04998,MunaSlthrTofTofDncBk,MunaSlthrTofTofDncBk,5008,UPMDSDINCHR1,94017100,active
NEW2025,56101522SD05000,MunaSlthrTofChaDncBk,MunaSlthrTofChaDncBk,5008,UPMDSDINCHR1,94017100,active
NEW2025,56101522SD05001,MunaSlthrBlkPntDncBk,MunaSlthrBlkPntDncBk,5008,UPMDSDINCHR1,94017100,active
NEW2025,56101522SD05002,MunaSlthrBlkBeiDncBk,MunaSlthrBlkBeiDncBk,5008,UPMDSDINCHR1,94017100,active
NEW2025,56101522SD05003,MunaSlthrBlkTofDncBk,MunaSlthrBlkTofDncBk,5008,UPMDSDINCHR1,94017100,active
NEW2025,56101522SD05004,MunaSlthrBlkBlkDncBk,MunaSlthrBlkBlkDncBk,5008,UPMDSDINCHR1,94017100,active
NEW2025,56101522SD05005,MunaSlthrBlkChaDncBk,MunaSlthrBlkChaDncBk,5008,UPMDSDINCHR1,94017100,active
NEW2025,56101522SD05006,MunaSlthrChaPntDncBk,MunaSlthrChaPntDncBk,5008,UPMDSDINCHR1,94017100,active
NEW2025,56101522SD05007,MunaSlthrChaBeiDncBk,MunaSlthrChaBeiDncBk,5008,UPMDSDINCHR1,94017100,active
NEW2025,56101522SD05008,MunaSlthrChaTofDncBk,MunaSlthrChaTofDncBk,5008,UPMDSDINCHR1,94017100,active
NEW2025,56101522SD05009,MunaSlthrChaBlkDncBk,MunaSlthrChaBlkDncBk,5008,UPMDSDINCHR1,94017100,active
NEW2025,56101522SD05010,MunaSlthrChaChaDncBk,MunaSlthrChaChaDncBk,5008,UPMDSDINCHR1,94017100,active
NEW2025,56101522SD05011,EzraSlthrPntPntDncBk,EzraSlthrPntPntDncBk,4563,UPMDSDINCHR1,94017100,active
NEW2025,56101522SD05012,EzraSlthrPntBeiDncBk,EzraSlthrPntBeiDncBk,4563,UPMDSDINCHR1,94017100,active
NEW2025,56101522SD05013,EzraSlthrPntTofDncBk,EzraSlthrPntTofDncBk,4563,UPMDSDINCHR1,94017100,active
NEW2025,56101522SD05014,EzraSlthrPntBlkDncBk,EzraSlthrPntBlkDncBk,4563,UPMDSDINCHR1,94017100,active
NEW2025,56101522SD05015,EzraSlthrPntChaDncBk,EzraSlthrPntChaDncBk,4563,UPMDSDINCHR1,94017100,active
NEW2025,56101522SD05016,EzraSlthrBeiPntDncBk,EzraSlthrBeiPntDncBk,4563,UPMDSDINCHR1,94017100,active
NEW2025,56101522SD05017,EzraSlthrBeiBeiDncBk,EzraSlthrBeiBeiDncBk,4563,UPMDSDINCHR1,94017100,active
NEW2025,56101522SD05018,EzraSlthrBeiTofDncBk,EzraSlthrBeiTofDncBk,4563,UPMDSDINCHR1,94017100,active
NEW2025,56101522SD05019,EzraSlthrBeiBlkDncBk,EzraSlthrBeiBlkDncBk,4563,UPMDSDINCHR1,94017100,active
NEW2025,56101522SD05020,EzraSlthrBeiChaDncBk,EzraSlthrBeiChaDncBk,4563,UPMDSDINCHR1,94017100,active
NEW2025,56101522SD05021,EzraSlthrTofPntDncBk,EzraSlthrTofPntDncBk,4563,UPMDSDINCHR1,94017100,active
NEW2025,56101522SD05022,EzraSlthrTofBeiDncBk,EzraSlthrTofBeiDncBk,4563,UPMDSDINCHR1,94017100,active
NEW2025,56101522SD05023,EzraSlthrTofTofDncBk,EzraSlthrTofTofDncBk,4563,UPMDSDINCHR1,94017100,active
NEW2025,56101522SD05024,EzraSlthrTofBlkDncBk,EzraSlthrTofBlkDncBk,4563,UPMDSDINCHR1,94017100,active
NEW2025,56101522SD05025,EzraSlthrTofChaDncBk,EzraSlthrTofChaDncBk,4563,UPMDSDINCHR1,94017100,active
NEW2025,56101522SD05026,EzraSlthrBlkPntDncBk,EzraSlthrBlkPntDncBk,4563,UPMDSDINCHR1,94017100,active
NEW2025,56101522SD05027,EzraSlthrBlkBeiDncBk,EzraSlthrBlkBeiDncBk,4563,UPMDSDINCHR1,94017100,active
NEW2025,56101522SD05028,EzraSlthrBlkTofDncBk,EzraSlthrBlkTofDncBk,4563,UPMDSDINCHR1,94017100,active
NEW2025,56101522SD05029,EzraSlthrBlkBlkDncBk,EzraSlthrBlkBlkDncBk,4563,UPMDSDINCHR1,94017100,active
NEW2025,56101522SD05030,EzraSlthrBlkChaDncBk,EzraSlthrBlkChaDncBk,4563,UPMDSDINCHR1,94017100,active
NEW2025,56101522SD05031,EzraSlthrChaPntDncBk,EzraSlthrChaPntDncBk,4563,UPMDSDINCHR1,94017100,active
NEW2025,56101522SD05032,EzraSlthrChaBeiDncBk,EzraSlthrChaBeiDncBk,4563,UPMDSDINCHR1,94017100,active
NEW2025,56101522SD05033,EzraSlthrChaTofDncBk,EzraSlthrChaTofDncBk,4563,UPMDSDINCHR1,94017100,active
NEW2025,56101522SD05034,EzraSlthrChaBlkDncBk,EzraSlthrChaBlkDncBk,4563,UPMDSDINCHR1,94017100,active
NEW2025,56101522SD05035,EzraSlthrChaChaDncBk,EzraSlthrChaChaDncBk,4563,UPMDSDINCHR1,94017100,active
NEW2025,56101522SD05036,EveSlthrPntPntDncBk,EveSlthrPntPntDncBk,6789,UPMDSDINCHR1,94017100,active
NEW2025,56101522SD05037,EveSlthrPntBeiDncBk,EveSlthrPntBeiDncBk,6789,UPMDSDINCHR1,94017100,active
NEW2025,56101522SD05038,EveSlthrPntTofDncBk,EveSlthrPntTofDncBk,6789,UPMDSDINCHR1,94017100,active
NEW2025,56101522SD05039,EveSlthrPntBlkDncBk,EveSlthrPntBlkDncBk,6789,UPMDSDINCHR1,94017100,active
NEW2025,56101522SD05040,EveSlthrPntChaDncBk,EveSlthrPntChaDncBk,6789,UPMDSDINCHR1,94017100,active
NEW2025,56101522SD05041,EveSlthrBeiPntDncBk,EveSlthrBeiPntDncBk,6789,UPMDSDINCHR1,94017100,active
NEW2025,56101522SD05042,EveSlthrBeiBeiDncBk,EveSlthrBeiBeiDncBk,6789,UPMDSDINCHR1,94017100,active
NEW2025,56101522SD05043,EveSlthrBeiTofDncBk,EveSlthrBeiTofDncBk,6789,UPMDSDINCHR1,94017100,active
NEW2025,56101522SD05044,EveSlthrBeiBlkDncBk,EveSlthrBeiBlkDncBk,6789,UPMDSDINCHR1,94017100,active
NEW2025,56101522SD05045,EveSlthrBeiChaDncBk,EveSlthrBeiChaDncBk,6789,UPMDSDINCHR1,94017100,active
NEW2025,56101522SD05046,EveSlthrTofPntDncBk,EveSlthrTofPntDncBk,6789,UPMDSDINCHR1,94017100,active
NEW2025,56101522SD05047,EveSlthrTofBeiDncBk,EveSlthrTofBeiDncBk,6789,UPMDSDINCHR1,94017100,active
NEW2025,56101522SD05048,EveSlthrTofTofDncBk,EveSlthrTofTofDncBk,6789,UPMDSDINCHR1,94017100,active
NEW2025,56101522SD05049,EveSlthrTofBlkDncBk,EveSlthrTofBlkDncBk,6789,UPMDSDINCHR1,94017100,active
NEW2025,56101522SD05050,EveSlthrTofChaDncBk,EveSlthrTofChaDncBk,6789,UPMDSDINCHR1,94017100,active
NEW2025,56101522SD05051,EveSlthrBlkPntDncBk,EveSlthrBlkPntDncBk,6789,UPMDSDINCHR1,94017100,active
NEW2025,56101522SD05052,EveSlthrBlkBeiDncBk,EveSlthrBlkBeiDncBk,6789,UPMDSDINCHR1,94017100,active
NEW2025,56101522SD05053,EveSlthrBlkTofDncBk,EveSlthrBlkTofDncBk,6789,UPMDSDINCHR1,94017100,active
NEW2025,56101522SD05054,EveSlthrBlkBlkDncBk,EveSlthrBlkBlkDncBk,6789,UPMDSDINCHR1,94017100,active
NEW2025,56101522SD05055,EveSlthrBlkChaDncBk,EveSlthrBlkChaDncBk,6789,UPMDSDINCHR1,94017100,active
NEW2025,56101522SD05056,EveSlthrChaPntDncBk,EveSlthrChaPntDncBk,6789,UPMDSDINCHR1,94017100,active
NEW2025,56101522SD05057,EveSlthrChaBeiDncBk,EveSlthrChaBeiDncBk,6789,UPMDSDINCHR1,94017100,active
NEW2025,56101522SD05058,EveSlthrChaTofDncBk,EveSlthrChaTofDncBk,6789,UPMDSDINCHR1,94017100,active
NEW2025,56101522SD05059,EveSlthrChaBlkDncBk,EveSlthrChaBlkDncBk,6789,UPMDSDINCHR1,94017100,active
NEW2025,56101522SD05060,EveSlthrChaChaDncBk,EveSlthrChaChaDncBk,6789,UPMDSDINCHR1,94017100,active
NEW2025,56101522SD05061,FraiseSlthrPntPntDncBk,FraiseSlthrPntPntDncBk,4452,UPMDSDINCHR1,94017100,active
NEW2025,56101522SD05062,FraiseSlthrPntBeiDncBk,FraiseSlthrPntBeiDncBk,4452,UPMDSDINCHR1,94017100,active
NEW2025,56101522SD05063,FraiseSlthrPntTofDncBk,FraiseSlthrPntTofDncBk,4452,UPMDSDINCHR1,94017100,active
NEW2025,56101522SD05064,FraiseSlthrPntBlkDncBk,FraiseSlthrPntBlkDncBk,4452,UPMDSDINCHR1,94017100,active
NEW2025,56101522SD05065,FraiseSlthrPntChaDncBk,FraiseSlthrPntChaDncBk,4452,UPMDSDINCHR1,94017100,active
NEW2025,56101522SD05066,FraiseSlthrBeiPntDncBk,FraiseSlthrBeiPntDncBk,4452,UPMDSDINCHR1,94017100,active
NEW2025,56101522SD05067,FraiseSlthrBeiBeiDncBk,FraiseSlthrBeiBeiDncBk,4452,UPMDSDINCHR1,94017100,active
NEW2025,56101522SD05068,FraiseSlthrBeiTofDncBk,FraiseSlthrBeiTofDncBk,4452,UPMDSDINCHR1,94017100,active
NEW2025,56101522SD05069,FraiseSlthrBeiBlkDncBk,FraiseSlthrBeiBlkDncBk,4452,UPMDSDINCHR1,94017100,active
NEW2025,56101522SD05070,FraiseSlthrBeiChaDncBk,FraiseSlthrBeiChaDncBk,4452,UPMDSDINCHR1,94017100,active
NEW2025,56101522SD05071,FraiseSlthrTofPntDncBk,FraiseSlthrTofPntDncBk,4452,UPMDSDINCHR1,94017100,active
NEW2025,56101522SD05072,FraiseSlthrTofBeiDncBk,FraiseSlthrTofBeiDncBk,4452,UPMDSDINCHR1,94017100,active
NEW2025,56101522SD05073,FraiseSlthrTofTofDncBk,FraiseSlthrTofTofDncBk,4452,UPMDSDINCHR1,94017100,active
NEW2025,56101522SD05074,FraiseSlthrTofBlkDncBk,FraiseSlthrTofBlkDncBk,4452,UPMDSDINCHR1,94017100,active
NEW2025,56101522SD05075,FraiseSlthrTofChaDncBk,FraiseSlthrTofChaDncBk,4452,UPMDSDINCHR1,94017100,active
NEW2025,56101522SD05076,FraiseSlthrBlkPntDncBk,FraiseSlthrBlkPntDncBk,4452,UPMDSDINCHR1,94017100,active
NEW2025,56101522SD05077,FraiseSlthrBlkBeiDncBk,FraiseSlthrBlkBeiDncBk,4452,UPMDSDINCHR1,94017100,active
NEW2025,56101522SD05078,FraiseSlthrBlkTofDncBk,FraiseSlthrBlkTofDncBk,4452,UPMDSDINCHR1,94017100,active
NEW2025,56101522SD05079,FraiseSlthrBlkBlkDncBk,FraiseSlthrBlkBlkDncBk,4452,UPMDSDINCHR1,94017100,active
NEW2025,56101522SD05080,FraiseSlthrBlkChaDncBk,FraiseSlthrBlkChaDncBk,4452,UPMDSDINCHR1,94017100,active
NEW2025,56101522SD05081,FraiseSlthrChaPntDncBk,FraiseSlthrChaPntDncBk,4452,UPMDSDINCHR1,94017100,active
NEW2025,56101522SD05082,FraiseSlthrChaBeiDncBk,FraiseSlthrChaBeiDncBk,4452,UPMDSDINCHR1,94017100,active
NEW2025,56101522SD05083,FraiseSlthrChaTofDncBk,FraiseSlthrChaTofDncBk,4452,UPMDSDINCHR1,94017100,active
NEW2025,56101522SD05084,FraiseSlthrChaBlkDncBk,FraiseSlthrChaBlkDncBk,4452,UPMDSDINCHR1,94017100,active
NEW2025,56101522SD05085,FraiseSlthrChaChaDncBk,FraiseSlthrChaChaDncBk,4452,UPMDSDINCHR1,94017100,active
NEW2025,56101522SD05086,AstraSlthrPntPntDncBk,AstraSlthrPntPntDncBk,6233,UPMDSDINCHR1,94017100,active
NEW2025,56101522SD05087,AstraSlthrPntBeiDncBk,AstraSlthrPntBeiDncBk,6233,UPMDSDINCHR1,94017100,active
NEW2025,56101522SD05088,AstraSlthrPntTofDncBk,AstraSlthrPntTofDncBk,6233,UPMDSDINCHR1,94017100,active
NEW2025,56101522SD05089,AstraSlthrPntBlkDncBk,AstraSlthrPntBlkDncBk,6233,UPMDSDINCHR1,94017100,active
NEW2025,56101522SD05090,AstraSlthrPntChaDncBk,AstraSlthrPntChaDncBk,6233,UPMDSDINCHR1,94017100,active
NEW2025,56101522SD05091,AstraSlthrBeiPntDncBk,AstraSlthrBeiPntDncBk,6233,UPMDSDINCHR1,94017100,active
NEW2025,56101522SD05092,AstraSlthrBeiBeiDncBk,AstraSlthrBeiBeiDncBk,6233,UPMDSDINCHR1,94017100,active
NEW2025,56101522SD05093,AstraSlthrBeiTofDncBk,AstraSlthrBeiTofDncBk,6233,UPMDSDINCHR1,94017100,active
NEW2025,56101522SD05094,AstraSlthrBeiBlkDncBk,AstraSlthrBeiBlkDncBk,6233,UPMDSDINCHR1,94017100,active
NEW2025,56101522SD05095,AstraSlthrBeiChaDncBk,AstraSlthrBeiChaDncBk,6233,UPMDSDINCHR1,94017100,active
NEW2025,56101522SD05096,AstraSlthrTofPntDncBk,AstraSlthrTofPntDncBk,6233,UPMDSDINCHR1,94017100,active
NEW2025,56101522SD05097,AstraSlthrTofBeiDncBk,AstraSlthrTofBeiDncBk,6233,UPMDSDINCHR1,94017100,active
NEW2025,56101522SD05098,AstraSlthrTofTofDncBk,AstraSlthrTofTofDncBk,6233,UPMDSDINCHR1,94017100,active
NEW2025,56101522SD05099,AstraSlthrTofBlkDncBk,AstraSlthrTofBlkDncBk,6233,UPMDSDINCHR1,94017100,active
NEW2025,56101522SD05100,AstraSlthrTofChaDncBk,AstraSlthrTofChaDncBk,6233,UPMDSDINCHR1,94017100,active
NEW2025,56101522SD05101,AstraSlthrBlkPntDncBk,AstraSlthrBlkPntDncBk,6233,UPMDSDINCHR1,94017100,active
NEW2025,56101522SD05102,AstraSlthrBlkBeiDncBk,AstraSlthrBlkBeiDncBk,6233,UPMDSDINCHR1,94017100,active
NEW2025,56101522SD05103,AstraSlthrBlkTofDncBk,AstraSlthrBlkTofDncBk,6233,UPMDSDINCHR1,94017100,active
NEW2025,56101522SD05104,AstraSlthrBlkBlkDncBk,AstraSlthrBlkBlkDncBk,6233,UPMDSDINCHR1,94017100,active
NEW2025,56101522SD05105,AstraSlthrBlkChaDncBk,AstraSlthrBlkChaDncBk,6233,UPMDSDINCHR1,94017100,active
NEW2025,56101522SD05106,AstraSlthrChaPntDncBk,AstraSlthrChaPntDncBk,6233,UPMDSDINCHR1,94017100,active
NEW2025,56101522SD05107,AstraSlthrChaBeiDncBk,AstraSlthrChaBeiDncBk,6233,UPMDSDINCHR1,94017100,active
NEW2025,56101522SD05108,AstraSlthrChaTofDncBk,AstraSlthrChaTofDncBk,6233,UPMDSDINCHR1,94017100,active
NEW2025,56101522SD05109,AstraSlthrChaBlkDncBk,AstraSlthrChaBlkDncBk,6233,UPMDSDINCHR1,94017100,active
NEW2025,56101522SD05110,AstraSlthrChaChaDncBk,AstraSlthrChaChaDncBk,6233,UPMDSDINCHR1,94017100,active
NEW2025,56101522SD05111,RoninSlthrPntPntDncBk,RoninSlthrPntPntDncBk,6344,UPMDSDINCHR1,94017100,active
NEW2025,56101522SD05112,RoninSlthrPntBeiDncBk,RoninSlthrPntBeiDncBk,6344,UPMDSDINCHR1,94017100,active
NEW2025,56101522SD05113,RoninSlthrPntTofDncBk,RoninSlthrPntTofDncBk,6344,UPMDSDINCHR1,94017100,active
NEW2025,56101522SD05114,RoninSlthrPntBlkDncBk,RoninSlthrPntBlkDncBk,6344,UPMDSDINCHR1,94017100,active
NEW2025,56101522SD05115,RoninSlthrPntChaDncBk,RoninSlthrPntChaDncBk,6344,UPMDSDINCHR1,94017100,active
NEW2025,56101522SD05116,RoninSlthrBeiPntDncBk,RoninSlthrBeiPntDncBk,6344,UPMDSDINCHR1,94017100,active
NEW2025,56101522SD05117,RoninSlthrBeiBeiDncBk,RoninSlthrBeiBeiDncBk,6344,UPMDSDINCHR1,94017100,active
NEW2025,56101522SD05118,RoninSlthrBeiTofDncBk,RoninSlthrBeiTofDncBk,6344,UPMDSDINCHR1,94017100,active
NEW2025,56101522SD05119,RoninSlthrBeiBlkDncBk,RoninSlthrBeiBlkDncBk,6344,UPMDSDINCHR1,94017100,active
NEW2025,56101522SD05120,RoninSlthrBeiChaDncBk,RoninSlthrBeiChaDncBk,6344,UPMDSDINCHR1,94017100,active
NEW2025,56101522SD05121,RoninSlthrTofPntDncBk,RoninSlthrTofPntDncBk,6344,UPMDSDINCHR1,94017100,active
NEW2025,56101522SD05122,RoninSlthrTofBeiDncBk,RoninSlthrTofBeiDncBk,6344,UPMDSDINCHR1,94017100,active
NEW2025,56101522SD05123,RoninSlthrTofTofDncBk,RoninSlthrTofTofDncBk,6344,UPMDSDINCHR1,94017100,active
NEW2025,56101522SD05124,RoninSlthrTofBlkDncBk,RoninSlthrTofBlkDncBk,6344,UPMDSDINCHR1,94017100,active
NEW2025,56101522SD05125,RoninSlthrTofChaDncBk,RoninSlthrTofChaDncBk,6344,UPMDSDINCHR1,94017100,active
NEW2025,56101522SD05126,RoninSlthrBlkPntDncBk,RoninSlthrBlkPntDncBk,6344,UPMDSDINCHR1,94017100,active
NEW2025,56101522SD05127,RoninSlthrBlkBeiDncBk,RoninSlthrBlkBeiDncBk,6344,UPMDSDINCHR1,94017100,active
NEW2025,56101522SD05128,RoninSlthrBlkTofDncBk,RoninSlthrBlkTofDncBk,6344,UPMDSDINCHR1,94017100,active
NEW2025,56101522SD05129,RoninSlthrBlkBlkDncBk,RoninSlthrBlkBlkDncBk,6344,UPMDSDINCHR1,94017100,active
NEW2025,56101522SD05130,RoninSlthrBlkChaDncBk,RoninSlthrBlkChaDncBk,6344,UPMDSDINCHR1,94017100,active
NEW2025,56101522SD05131,RoninSlthrChaPntDncBk,RoninSlthrChaPntDncBk,6344,UPMDSDINCHR1,94017100,active
NEW2025,56101522SD05132,RoninSlthrChaBeiDncBk,RoninSlthrChaBeiDncBk,6344,UPMDSDINCHR1,94017100,active
NEW2025,56101522SD05133,RoninSlthrChaTofDncBk,RoninSlthrChaTofDncBk,6344,UPMDSDINCHR1,94017100,active
NEW2025,56101522SD05134,RoninSlthrChaBlkDncBk,RoninSlthrChaBlkDncBk,6344,UPMDSDINCHR1,94017100,active
NEW2025,56101522SD05135,RoninSlthrChaChaDncBk,RoninSlthrChaChaDncBk,6344,UPMDSDINCHR1,94017100,active
